AdjusterID,AdjusterName,Region
A001,Adjuster_1,West
A002,Adjuster_2,South
A003,Adjuster_3,West
A004,Adjuster_4,East
A005,Adjuster_5,West
A006,Adjuster_6,East
A007,Adjuster_7,East
A008,Adjuster_8,North
A009,Adjuster_9,East
A010,Adjuster_10,West
A011,Adjuster_11,North
A012,Adjuster_12,South
A013,Adjuster_13,North
A014,Adjuster_14,South
A015,Adjuster_15,North
A016,Adjuster_16,South
A017,Adjuster_17,West
A018,Adjuster_18,West
A019,Adjuster_19,West
A020,Adjuster_20,South
